{"aaa": 10.111, "bbc": 7.075173854827881, "bbq": 8.907344102859497}